id;repair_date_start;repair_date_end;FK_registration;FK_id_mechanic;pricing;used_car_transporter;is_complaint
0;25-12-2022;01-01-2023;GD4I6AE;3;225;False;False
1;29-12-2022;01-01-2023;GDBP7LX;5;750;True;False
2;31-12-2022;01-01-2023;GD2VMMX;5;300;False;False
3;29-12-2022;01-01-2023;GDT6CJ2;3;200;False;False
4;30-12-2022;01-01-2023;GDHW9AR;1;500;False;False
5;31-12-2022;02-01-2023;GDT2JIW;1;550;False;False
6;02-01-2023;02-01-2023;GDTMHY0;3;225;False;False
7;01-01-2023;02-01-2023;GDD4B0B;4;125;False;False
8;30-12-2022;02-01-2023;GD0UUS4;5;125;False;False
9;01-01-2023;03-01-2023;GDBP7LX;0;75;False;False
10;29-12-2022;03-01-2023;GD5ZOFE;6;125;False;False
11;28-12-2022;03-01-2023;GDSCSBX;1;550;False;True
12;03-01-2023;03-01-2023;GDPRKER;1;450;False;False
13;01-01-2023;03-01-2023;GDV74AF;1;150;False;False
14;28-12-2022;04-01-2023;GDEY0FS;0;550;False;False
15;28-12-2022;04-01-2023;GDWD5FS;1;550;True;False
16;29-12-2022;04-01-2023;GDTMHY0;0;550;False;False
17;04-01-2023;04-01-2023;GDVS2NL;0;350;False;False
18;02-01-2023;05-01-2023;GDLBU17;7;300;False;False
19;01-01-2023;05-01-2023;GD04XQF;6;300;False;False
20;02-01-2023;05-01-2023;GDHQTMN;7;175;False;False
21;01-01-2023;05-01-2023;GDW21GB;1;175;False;False
22;05-01-2023;06-01-2023;GDZRWRI;0;150;False;False
23;02-01-2023;06-01-2023;GD89I4T;3;150;False;False
24;30-12-2022;06-01-2023;GDMSCZZ;1;200;False;False
25;01-01-2023;06-01-2023;GDTMHY0;7;225;False;False
26;03-01-2023;07-01-2023;GD3YRQ2;6;150;False;False
27;01-01-2023;07-01-2023;GDARNXW;5;500;False;False
28;07-01-2023;07-01-2023;GDW4KZY;3;300;False;False
29;31-12-2022;07-01-2023;GDVYCUB;1;150;False;False
30;03-01-2023;07-01-2023;GDUCPYP;7;400;False;False
31;01-01-2023;08-01-2023;GDBK7WA;3;275;False;False
32;07-01-2023;08-01-2023;GDW5TFN;7;500;False;False
33;01-01-2023;08-01-2023;GDYVR4K;0;200;False;False
34;04-01-2023;08-01-2023;GD8C9KZ;3;275;False;False
35;06-01-2023;08-01-2023;GDRRAP1;4;225;False;False
36;01-01-2023;08-01-2023;GDL6GBA;4;250;False;False
37;06-01-2023;09-01-2023;GDZS4Y6;6;200;False;True
38;04-01-2023;09-01-2023;GD93KDM;6;225;False;False
39;07-01-2023;09-01-2023;GDW5TFN;0;400;False;False
40;06-01-2023;09-01-2023;GDX6WOY;1;150;False;False
41;07-01-2023;09-01-2023;GDZ9K03;1;750;False;False
42;04-01-2023;10-01-2023;GD5826D;6;175;False;True
43;10-01-2023;10-01-2023;GDN873R;6;225;False;False
44;06-01-2023;10-01-2023;GDN873R;0;175;False;False
45;03-01-2023;10-01-2023;GDUZHC4;4;150;False;False
46;10-01-2023;10-01-2023;GD5AHXX;4;125;False;False
47;09-01-2023;10-01-2023;GDVDZ2A;2;175;False;False
48;09-01-2023;11-01-2023;GDL205Y;7;450;False;False
49;10-01-2023;11-01-2023;GDBZ9ZJ;0;250;True;False
50;07-01-2023;11-01-2023;GDM0P4R;5;700;False;False
51;08-01-2023;11-01-2023;GD2HKE8;0;550;False;False
52;08-01-2023;11-01-2023;GDX604W;0;200;False;False
53;05-01-2023;11-01-2023;GDMSCZZ;2;300;False;False
54;06-01-2023;12-01-2023;GD2C7IY;3;500;False;False
55;09-01-2023;12-01-2023;GDTMHY0;0;250;False;False
56;07-01-2023;12-01-2023;GDZRI6M;7;150;False;False
57;10-01-2023;12-01-2023;GDHQTMN;1;125;False;False
58;12-01-2023;12-01-2023;GDOTXNC;3;150;False;False
59;08-01-2023;13-01-2023;GDRX82K;5;275;False;False
60;10-01-2023;13-01-2023;GDHW9AR;1;150;False;False
61;08-01-2023;13-01-2023;GDT3WJC;4;550;False;False
62;08-01-2023;13-01-2023;GDI5A03;7;800;False;False
63;10-01-2023;14-01-2023;GD0JEA0;4;225;False;False
64;11-01-2023;14-01-2023;GDARNXW;7;150;False;False
65;07-01-2023;14-01-2023;GDHSDEL;7;275;False;False
66;09-01-2023;14-01-2023;GDVYCUB;1;150;True;False
67;12-01-2023;14-01-2023;GDVYCUB;6;150;False;False
68;10-01-2023;14-01-2023;GDARNXW;5;700;False;False
69;08-01-2023;15-01-2023;GDW4KZY;2;175;False;False
70;12-01-2023;15-01-2023;GD0JEA0;7;300;False;False
71;08-01-2023;15-01-2023;GDT2JIW;2;275;False;False
72;11-01-2023;15-01-2023;GD36X3Z;4;150;False;False
73;12-01-2023;15-01-2023;GD0UUS4;4;200;False;False
74;14-01-2023;15-01-2023;GDWD5FS;6;225;False;False
75;13-01-2023;16-01-2023;GDM8SJX;0;450;False;False
76;14-01-2023;16-01-2023;GD59J95;5;350;False;False
77;14-01-2023;16-01-2023;GD4ZHOM;0;500;False;False
78;14-01-2023;16-01-2023;GD6HRFN;3;150;False;False
79;10-01-2023;16-01-2023;GD3YRQ2;2;200;False;False
80;14-01-2023;17-01-2023;GDL6Z4E;7;500;False;False
81;12-01-2023;17-01-2023;GDCMZQ9;1;500;False;False
82;12-01-2023;17-01-2023;GDX6WOY;6;200;False;False
83;12-01-2023;17-01-2023;GDT3WJC;3;75;False;False
84;14-01-2023;17-01-2023;GD0JEA0;7;700;False;False
85;15-01-2023;17-01-2023;GDHMA6Z;4;125;False;False
86;16-01-2023;18-01-2023;GD3XUXH;5;150;False;False
87;15-01-2023;18-01-2023;GDHS6JH;3;350;False;False
88;14-01-2023;18-01-2023;GDV74AF;0;175;False;False
89;13-01-2023;18-01-2023;GDL6GBA;0;150;True;False
90;13-01-2023;18-01-2023;GDTN8JI;2;500;False;False
91;11-01-2023;18-01-2023;GD7TP9A;4;175;False;False
92;19-01-2023;19-01-2023;GDC1X2J;4;300;False;False
93;18-01-2023;19-01-2023;GDJ8GHP;6;450;False;False
94;18-01-2023;19-01-2023;GDA5GJ0;7;700;False;False
95;19-01-2023;19-01-2023;GDTB0NE;4;150;False;False
96;16-01-2023;19-01-2023;GDHSDEL;6;75;False;False
97;16-01-2023;19-01-2023;GDSCSBX;5;350;False;False
98;18-01-2023;20-01-2023;GD3YRQ2;3;450;False;False
99;18-01-2023;20-01-2023;GDEACJM;1;250;False;False
100;18-01-2023;20-01-2023;GD0GKUM;0;350;False;False
101;14-01-2023;20-01-2023;GDEY228;2;150;False;False
102;15-01-2023;20-01-2023;GD0JEA0;1;75;False;False
103;14-01-2023;21-01-2023;GDW4MVU;5;100;False;False
104;21-01-2023;21-01-2023;GDVNDLO;0;300;False;False
105;19-01-2023;21-01-2023;GDL6Z4E;1;150;False;False
106;15-01-2023;21-01-2023;GDW5TFN;3;150;False;False
107;18-01-2023;21-01-2023;GDN873R;1;225;False;False
108;16-01-2023;22-01-2023;GDTB0NE;4;75;False;False
109;21-01-2023;22-01-2023;GD04XQF;7;450;False;False
110;17-01-2023;22-01-2023;GDO2PJ2;0;150;False;False
111;16-01-2023;22-01-2023;GDN873R;5;175;False;False
112;16-01-2023;22-01-2023;GDBK7WA;1;800;False;False
113;15-01-2023;22-01-2023;GD4ZHOM;2;450;False;True
114;20-01-2023;23-01-2023;GDTN8JI;4;150;False;False
115;23-01-2023;23-01-2023;GDLGZLO;3;125;False;False
116;16-01-2023;23-01-2023;GDOTXNC;4;225;False;False
117;21-01-2023;23-01-2023;GDPRKER;1;450;False;False
118;20-01-2023;23-01-2023;GDKVYQN;7;150;False;False
119;18-01-2023;24-01-2023;GDUCPYP;7;500;False;False
120;23-01-2023;24-01-2023;GD2C7IY;1;450;False;False
121;23-01-2023;24-01-2023;GDYJI0V;2;275;False;False
122;22-01-2023;24-01-2023;GDX3XAJ;1;75;False;False
123;19-01-2023;24-01-2023;GD8MTIF;3;150;False;False
124;25-01-2023;25-01-2023;GD9I59D;0;300;False;False
125;20-01-2023;25-01-2023;GD4I6AE;7;300;False;True
126;20-01-2023;25-01-2023;GD7H8VV;4;500;False;False
127;22-01-2023;25-01-2023;GDA1C7Z;4;225;False;False
128;24-01-2023;26-01-2023;GDWD5FS;6;175;False;False
129;20-01-2023;26-01-2023;GDNQ093;0;550;False;False
130;22-01-2023;26-01-2023;GDI2KL6;2;300;False;False
131;24-01-2023;26-01-2023;GDRJZHP;4;125;False;False
132;22-01-2023;26-01-2023;GD0GKUM;5;75;False;False
133;19-01-2023;26-01-2023;GDA1C7Z;5;750;False;True
134;24-01-2023;27-01-2023;GDCMZQ9;1;550;False;False
135;23-01-2023;27-01-2023;GDMN0YL;7;300;False;False
136;23-01-2023;27-01-2023;GDILT4O;2;275;False;False
137;24-01-2023;27-01-2023;GD89I4T;5;250;False;False
138;26-01-2023;28-01-2023;GDA740J;6;150;False;False
139;23-01-2023;28-01-2023;GDHQTMN;7;300;False;False
140;27-01-2023;28-01-2023;GDAZJLZ;5;550;False;False
141;27-01-2023;28-01-2023;GDTL74J;4;300;False;False
142;27-01-2023;28-01-2023;GD4I6AE;0;350;False;True
143;27-01-2023;28-01-2023;GD6TUYC;1;175;False;False
144;24-01-2023;29-01-2023;GDIQHON;1;150;True;False
145;28-01-2023;29-01-2023;GD04XQF;0;500;False;False
146;22-01-2023;29-01-2023;GD2C7IY;7;225;False;False
147;26-01-2023;29-01-2023;GD09PB0;1;325;False;False
148;27-01-2023;30-01-2023;GDHI4G2;0;150;False;False
149;25-01-2023;30-01-2023;GDW4KZY;7;225;False;True
150;30-01-2023;30-01-2023;GD89I4T;3;75;False;False
151;24-01-2023;30-01-2023;GDOTXNC;5;750;False;False
152;27-01-2023;30-01-2023;GDZS4Y6;1;300;False;False
153;24-01-2023;31-01-2023;GD9I59D;5;150;False;False
154;31-01-2023;31-01-2023;GDHU77F;6;250;False;False
155;25-01-2023;31-01-2023;GD5PZWR;6;350;False;False
156;24-01-2023;31-01-2023;GDMN0YL;3;300;True;False
157;28-01-2023;31-01-2023;GDTL74J;0;300;False;False
158;25-01-2023;31-01-2023;GDRV7ZW;7;200;False;False
159;27-01-2023;01-02-2023;GDCN3Y4;7;300;False;False
160;01-02-2023;01-02-2023;GDD4B0B;6;200;False;False
161;28-01-2023;01-02-2023;GDOWBVH;4;300;False;False
162;31-01-2023;01-02-2023;GDJ0RW9;0;500;False;False
163;28-01-2023;01-02-2023;GD5ZOFE;1;450;False;False
164;31-01-2023;02-02-2023;GDMBD5W;3;200;False;False
165;29-01-2023;02-02-2023;GDHQTMN;4;200;False;False
166;28-01-2023;02-02-2023;GD7H8VV;0;350;False;False
167;29-01-2023;02-02-2023;GDT6CJ2;5;275;False;False
168;26-01-2023;02-02-2023;GDNXIL1;6;400;False;False
169;31-01-2023;03-02-2023;GDVDZ2A;0;350;False;False
170;28-01-2023;03-02-2023;GD0GSDU;7;200;False;False
171;02-02-2023;03-02-2023;GDBASZR;7;225;False;False
172;01-02-2023;03-02-2023;GD6HRFN;0;550;False;False
173;01-02-2023;03-02-2023;GDNT15C;1;275;False;False
174;28-01-2023;04-02-2023;GDNT15C;0;400;False;False
175;01-02-2023;04-02-2023;GDHS6JH;4;325;False;False
176;03-02-2023;04-02-2023;GDB041P;3;75;False;False
177;01-02-2023;04-02-2023;GDV74AF;2;175;False;False
178;01-02-2023;04-02-2023;GDBK7WA;3;300;False;False
179;31-01-2023;05-02-2023;GDFB3E7;5;300;False;False
180;04-02-2023;05-02-2023;GDHQTMN;3;500;False;False
181;05-02-2023;05-02-2023;GDKCFW6;1;150;False;False
182;02-02-2023;05-02-2023;GDILT4O;0;400;False;False
183;31-01-2023;06-02-2023;GDT7JX0;7;350;False;False
184;06-02-2023;06-02-2023;GDZ4ETP;2;150;False;False
185;31-01-2023;06-02-2023;GDPRKER;0;500;False;False
186;06-02-2023;06-02-2023;GDU4Y4H;6;150;False;False
187;04-02-2023;07-02-2023;GDT6CJ2;6;325;False;False
188;02-02-2023;07-02-2023;GD89I4T;6;150;False;False
189;31-01-2023;07-02-2023;GD662ON;0;150;True;False
190;02-02-2023;07-02-2023;GD5ZOFE;7;75;False;False
191;01-02-2023;07-02-2023;GD662ON;7;150;False;False
192;05-02-2023;08-02-2023;GDN873R;3;450;False;False
193;05-02-2023;08-02-2023;GDM0P4R;4;125;False;False
194;02-02-2023;08-02-2023;GDHW9AR;5;175;False;False
195;07-02-2023;08-02-2023;GDN873R;1;150;False;False
196;08-02-2023;08-02-2023;GD828HU;6;150;False;False
197;05-02-2023;08-02-2023;GDIHJPY;4;500;True;False
198;08-02-2023;09-02-2023;GDB041P;2;150;False;False
199;09-02-2023;09-02-2023;GD93KDM;7;75;False;False
200;02-02-2023;09-02-2023;GDW5TFN;6;150;False;False
201;04-02-2023;09-02-2023;GDHI4G2;0;450;False;False
202;02-02-2023;09-02-2023;GDNXIL1;1;275;False;False
203;03-02-2023;10-02-2023;GD5UJOA;0;250;False;False
204;06-02-2023;10-02-2023;GDZS4Y6;0;275;False;False
205;08-02-2023;10-02-2023;GDP9Y3K;6;225;True;False
206;10-02-2023;10-02-2023;GD5PZWR;5;500;False;False
207;06-02-2023;11-02-2023;GDYJI0V;0;150;False;False
208;05-02-2023;11-02-2023;GDF9G8Z;1;300;False;False
209;05-02-2023;11-02-2023;GDRRAP1;2;500;False;False
210;10-02-2023;11-02-2023;GDP9Y3K;3;500;False;False
211;10-02-2023;11-02-2023;GDW4KZY;5;700;False;False
212;05-02-2023;12-02-2023;GDRV7ZW;5;250;False;False
213;05-02-2023;12-02-2023;GDZRI6M;0;150;False;False
214;08-02-2023;12-02-2023;GD5ZOFE;6;275;False;False
215;11-02-2023;12-02-2023;GDPV1BL;4;175;False;False
216;12-02-2023;13-02-2023;GDNT15C;3;500;False;False
217;09-02-2023;13-02-2023;GDNQ093;7;500;False;False
218;13-02-2023;13-02-2023;GD662ON;4;300;False;False
219;07-02-2023;13-02-2023;GDL205Y;7;300;False;False
220;08-02-2023;13-02-2023;GDMBD5W;0;350;False;False
221;11-02-2023;14-02-2023;GD2VMMX;0;125;False;False
222;07-02-2023;14-02-2023;GDHW9AR;2;125;False;False
223;07-02-2023;14-02-2023;GD0T91U;4;150;False;False
224;07-02-2023;14-02-2023;GDZRWRI;6;350;False;False
225;11-02-2023;14-02-2023;GDO2PJ2;7;300;False;False
226;11-02-2023;14-02-2023;GD93KDM;1;500;False;False
227;14-02-2023;15-02-2023;GDCN2BP;6;450;False;False
228;09-02-2023;15-02-2023;GDNQ093;6;225;False;False
229;11-02-2023;15-02-2023;GDU4Y4H;2;75;False;True
230;14-02-2023;15-02-2023;GD2VMMX;6;300;False;True
231;10-02-2023;15-02-2023;GDT6CJ2;0;750;False;False
232;16-02-2023;16-02-2023;GDARNXW;3;200;False;False
233;09-02-2023;16-02-2023;GD8MTIF;3;150;True;False
234;15-02-2023;16-02-2023;GDRJZHP;0;175;False;False
235;10-02-2023;16-02-2023;GD04XQF;3;150;False;True
236;15-02-2023;17-02-2023;GDILT4O;7;250;False;False
237;14-02-2023;17-02-2023;GDHI4G2;1;300;False;True
238;10-02-2023;17-02-2023;GDHMA6Z;4;200;False;False
239;16-02-2023;17-02-2023;GDAZJLZ;6;200;False;False
240;15-02-2023;17-02-2023;GDCRJB8;4;125;False;False
241;15-02-2023;17-02-2023;GDAX1Z6;6;500;False;False
242;14-02-2023;18-02-2023;GD9I59D;0;150;False;False
243;12-02-2023;18-02-2023;GDRRAP1;5;275;False;False
244;17-02-2023;18-02-2023;GD5BWVP;2;300;False;False
245;13-02-2023;18-02-2023;GDX6WOY;1;175;False;False
246;14-02-2023;19-02-2023;GDNT15C;1;75;False;False
247;17-02-2023;19-02-2023;GDA45I2;7;450;False;False
248;19-02-2023;19-02-2023;GDYVR4K;2;700;False;False
249;16-02-2023;19-02-2023;GDIN99Z;1;75;False;False
250;15-02-2023;19-02-2023;GDW21GB;6;450;False;False
251;17-02-2023;19-02-2023;GDVYCUB;5;200;False;False
252;17-02-2023;20-02-2023;GDLBU17;0;500;True;False
253;20-02-2023;20-02-2023;GDM0P4R;3;125;False;False
254;17-02-2023;20-02-2023;GDFB3E7;0;200;False;False
255;17-02-2023;20-02-2023;GDA5GJ0;6;350;False;False
256;18-02-2023;20-02-2023;GDEACJM;4;500;False;False
257;20-02-2023;20-02-2023;GDIQHON;1;275;False;False
258;17-02-2023;21-02-2023;GD84T8Z;6;350;False;False
259;19-02-2023;21-02-2023;GDVYCUB;7;325;False;False
260;14-02-2023;21-02-2023;GDTB0NE;0;275;False;False
261;15-02-2023;21-02-2023;GDC1X2J;4;150;False;True
262;21-02-2023;21-02-2023;GDMNVYM;2;300;False;False
263;21-02-2023;22-02-2023;GD26KN7;6;275;False;False
264;19-02-2023;22-02-2023;GDA5GJ0;0;200;False;False
265;16-02-2023;22-02-2023;GD662ON;7;150;False;False
266;22-02-2023;22-02-2023;GD0UUS4;7;500;False;False
267;22-02-2023;22-02-2023;GDHQTMN;1;150;False;True
268;23-02-2023;23-02-2023;GDU4Y4H;4;500;False;False
269;17-02-2023;23-02-2023;GDW294R;5;400;False;False
270;22-02-2023;23-02-2023;GDC3GDH;0;75;False;False
271;19-02-2023;23-02-2023;GD5UJOA;7;700;True;False
272;23-02-2023;24-02-2023;GDVNDLO;5;225;False;False
273;18-02-2023;24-02-2023;GDILT4O;2;75;False;False
274;22-02-2023;24-02-2023;GDAZJLZ;7;300;False;False
275;24-02-2023;24-02-2023;GDJC6PS;2;150;False;False
276;20-02-2023;24-02-2023;GD0GKUM;4;225;False;False
277;24-02-2023;25-02-2023;GDL6Z4E;5;150;False;False
278;23-02-2023;25-02-2023;GDOBMXX;4;550;False;True
279;20-02-2023;25-02-2023;GDOBMXX;1;150;False;False
280;21-02-2023;25-02-2023;GDZS931;3;300;False;False
281;21-02-2023;26-02-2023;GDTHGAF;2;125;False;False
282;19-02-2023;26-02-2023;GDTDHBJ;3;550;False;False
283;20-02-2023;26-02-2023;GDUCPYP;6;150;False;False
284;19-02-2023;26-02-2023;GD36X3Z;1;550;False;False
285;23-02-2023;26-02-2023;GD6HRFN;5;150;False;False
286;19-02-2023;26-02-2023;GDRX82K;0;700;False;False
287;23-02-2023;27-02-2023;GDLBKOH;0;150;False;False
288;24-02-2023;27-02-2023;GDSUQC6;3;500;False;False
289;20-02-2023;27-02-2023;GD3SJ1L;5;700;False;False
290;23-02-2023;27-02-2023;GD09PB0;6;150;False;False
291;22-02-2023;28-02-2023;GD692YW;6;500;False;False
292;27-02-2023;28-02-2023;GD1YUFX;0;325;False;False
293;28-02-2023;28-02-2023;GDC3GDH;2;275;False;False
294;27-02-2023;28-02-2023;GD5YQ2H;5;350;False;False
295;21-02-2023;28-02-2023;GDA5GJ0;7;325;False;False
296;28-02-2023;28-02-2023;GD2RG9L;2;200;False;False
297;28-02-2023;01-03-2023;GD2VMMX;5;75;False;False
298;26-02-2023;01-03-2023;GDEACJM;4;450;False;False
299;26-02-2023;01-03-2023;GDHU77F;4;150;False;False
300;26-02-2023;01-03-2023;GDPOC2C;1;225;False;False
301;01-03-2023;02-03-2023;GD89I4T;1;500;False;False
302;01-03-2023;02-03-2023;GDM8SJX;6;250;False;False
303;26-02-2023;02-03-2023;GDPRKER;6;350;False;False
304;24-02-2023;02-03-2023;GDX604W;1;450;False;False
305;28-02-2023;02-03-2023;GDTL74J;6;300;False;False
306;01-03-2023;03-03-2023;GDRIANR;1;150;False;False
307;02-03-2023;03-03-2023;GDUIGGQ;7;225;False;False
308;03-03-2023;03-03-2023;GDARNXW;7;350;False;False
309;27-02-2023;03-03-2023;GD2HKE8;4;150;False;False
310;26-02-2023;04-03-2023;GD4S3H3;6;150;False;False
311;02-03-2023;04-03-2023;GDUCPYP;6;300;False;False
312;27-02-2023;04-03-2023;GD50IEJ;6;75;True;False
313;28-02-2023;04-03-2023;GDW3BH9;0;450;False;False
314;03-03-2023;05-03-2023;GDIQHON;2;150;False;False
315;05-03-2023;05-03-2023;GD5AHXX;4;350;True;False
316;27-02-2023;05-03-2023;GDVNDLO;0;225;False;False
317;02-03-2023;05-03-2023;GDJC6PS;7;250;False;False
318;27-02-2023;05-03-2023;GD4ZHOM;5;75;False;False
319;04-03-2023;06-03-2023;GDHU77F;2;300;False;False
320;02-03-2023;06-03-2023;GDLGZLO;3;500;False;False
321;02-03-2023;06-03-2023;GD89I4T;6;75;False;False
322;27-02-2023;06-03-2023;GDQJC85;3;350;False;False
323;04-03-2023;06-03-2023;GD0T91U;2;125;False;False
324;06-03-2023;07-03-2023;GDA5GJ0;4;200;False;False
325;05-03-2023;07-03-2023;GDF9G8Z;4;450;False;False
326;03-03-2023;07-03-2023;GDMSCZZ;4;450;False;False
327;05-03-2023;07-03-2023;GDDZ0MZ;3;450;False;False
328;04-03-2023;08-03-2023;GDJ8GHP;1;500;False;False
329;03-03-2023;08-03-2023;GDHW9AR;0;150;False;False
330;08-03-2023;08-03-2023;GD5YQ2H;7;200;False;False
331;04-03-2023;08-03-2023;GDQJC85;3;350;False;False
332;03-03-2023;08-03-2023;GDOTXNC;6;150;False;False
333;02-03-2023;08-03-2023;GDM8SJX;4;500;False;False
334;08-03-2023;09-03-2023;GDEI9FP;2;300;False;True
335;07-03-2023;09-03-2023;GD4ZHOM;7;200;False;False
336;04-03-2023;09-03-2023;GD692YW;5;450;False;False
337;02-03-2023;09-03-2023;GD618UC;6;300;False;False
338;02-03-2023;09-03-2023;GDE7O4Y;2;500;False;False
339;04-03-2023;10-03-2023;GDQ99JG;1;150;False;False
340;10-03-2023;10-03-2023;GDCBD9J;4;150;False;False
341;03-03-2023;10-03-2023;GD618UC;3;300;False;False
342;03-03-2023;10-03-2023;GDQJC85;1;150;False;False
343;05-03-2023;11-03-2023;GD6TUYC;5;500;False;False
344;10-03-2023;11-03-2023;GD1YUFX;3;275;False;False
345;07-03-2023;11-03-2023;GDZRI6M;7;200;False;False
346;11-03-2023;11-03-2023;GDBP7LX;0;225;False;False
347;11-03-2023;11-03-2023;GD0UUS4;5;175;False;False
348;09-03-2023;12-03-2023;GDHQTMN;0;300;False;False
349;11-03-2023;12-03-2023;GDZS4Y6;0;150;False;False
350;12-03-2023;12-03-2023;GDQ99JG;6;175;False;False
351;12-03-2023;12-03-2023;GDYVR4K;2;450;False;False
352;12-03-2023;12-03-2023;GDTL74J;5;150;True;False
353;09-03-2023;13-03-2023;GDHQTMN;5;150;False;False
354;09-03-2023;13-03-2023;GDLBU17;4;150;False;False
355;07-03-2023;13-03-2023;GD618UC;4;150;False;False
356;11-03-2023;13-03-2023;GDVDZ2A;0;700;False;False
357;11-03-2023;14-03-2023;GDF9G8Z;0;500;False;False
358;09-03-2023;14-03-2023;GDI5A03;0;500;True;False
359;09-03-2023;14-03-2023;GDPVQ07;7;75;False;False
360;10-03-2023;14-03-2023;GD0UUS4;6;75;False;False
361;10-03-2023;15-03-2023;GD4ZHOM;1;500;False;False
362;12-03-2023;15-03-2023;GDUZHC4;0;500;False;False
363;10-03-2023;15-03-2023;GDUZHC4;5;125;False;False
364;12-03-2023;15-03-2023;GDOBMXX;1;175;True;False
365;11-03-2023;15-03-2023;GD662ON;0;200;False;False
366;15-03-2023;15-03-2023;GDNQ093;3;300;False;False
367;10-03-2023;16-03-2023;GDFLD37;5;125;False;False
368;16-03-2023;16-03-2023;GDRJZHP;0;125;False;False
369;10-03-2023;16-03-2023;GDVS2NL;7;150;False;False
370;14-03-2023;16-03-2023;GDEACJM;0;150;False;True
371;13-03-2023;17-03-2023;GDNT15C;4;400;False;False
372;13-03-2023;17-03-2023;GD8C9KZ;3;700;False;False
373;11-03-2023;17-03-2023;GD7RPO3;1;275;False;False
374;11-03-2023;17-03-2023;GDOTXNC;1;500;False;False
375;11-03-2023;17-03-2023;GDL57MP;5;75;False;False
376;16-03-2023;17-03-2023;GDPV1BL;2;150;False;False
377;15-03-2023;18-03-2023;GDO5GWQ;4;125;True;False
378;17-03-2023;18-03-2023;GDAZJLZ;1;500;False;False
379;11-03-2023;18-03-2023;GDDB1SP;1;550;False;False
380;14-03-2023;18-03-2023;GDL205Y;4;800;False;False
381;18-03-2023;18-03-2023;GD3XUXH;4;500;False;False
382;18-03-2023;18-03-2023;GDJN35K;0;75;False;False
383;18-03-2023;19-03-2023;GDUDOZ2;6;150;False;False
384;12-03-2023;19-03-2023;GD8E9NN;1;175;False;False
385;15-03-2023;19-03-2023;GDKROOB;4;300;False;False
386;15-03-2023;19-03-2023;GDUZHC4;2;500;False;False
387;16-03-2023;19-03-2023;GDUOZM1;3;500;False;False
388;20-03-2023;20-03-2023;GDKP220;5;200;False;False
389;17-03-2023;20-03-2023;GD0JEA0;3;150;False;False
390;13-03-2023;20-03-2023;GDV74AF;0;800;False;False
391;18-03-2023;20-03-2023;GDW21GB;2;450;False;False
392;13-03-2023;20-03-2023;GD8WL7X;0;500;False;False
393;16-03-2023;21-03-2023;GDD5JXE;3;550;False;False
394;18-03-2023;21-03-2023;GD5BWVP;2;150;False;False
395;15-03-2023;21-03-2023;GDL205Y;5;225;False;False
396;20-03-2023;21-03-2023;GDOWBVH;3;175;False;False
397;20-03-2023;21-03-2023;GDHMA6Z;3;175;False;False
398;19-03-2023;22-03-2023;GDSUQC6;5;400;False;False
399;21-03-2023;22-03-2023;GDHMA6Z;1;150;False;True
400;18-03-2023;22-03-2023;GDVDZ2A;2;500;False;False
401;18-03-2023;22-03-2023;GD5WAD0;5;200;False;False
402;21-03-2023;22-03-2023;GDU4Y4H;5;200;False;False
403;20-03-2023;23-03-2023;GDX81PU;1;500;False;False
404;21-03-2023;23-03-2023;GDRBO88;3;700;False;False
405;18-03-2023;23-03-2023;GDQ7H6Y;4;175;False;False
406;23-03-2023;23-03-2023;GDPKH7D;0;500;False;False
407;16-03-2023;23-03-2023;GDCBD9J;7;150;True;False
408;21-03-2023;24-03-2023;GDTDHBJ;3;225;False;False
409;19-03-2023;24-03-2023;GD3451P;2;225;False;False
410;19-03-2023;24-03-2023;GD59J95;5;150;False;False
411;24-03-2023;24-03-2023;GDJB2PA;6;550;False;False
412;19-03-2023;24-03-2023;GDDB1SP;7;150;False;False
413;17-03-2023;24-03-2023;GDM0P4R;5;450;False;True
414;20-03-2023;25-03-2023;GD8WL7X;7;250;False;False
415;18-03-2023;25-03-2023;GD8RBET;7;150;False;False
416;20-03-2023;25-03-2023;GDHW9AR;3;150;False;False
417;24-03-2023;25-03-2023;GDEACJM;5;500;False;False
418;22-03-2023;25-03-2023;GDE5BV6;7;300;False;False
419;21-03-2023;25-03-2023;GDW294R;6;800;False;False
420;23-03-2023;26-03-2023;GDZS4Y6;3;275;False;False
421;20-03-2023;26-03-2023;GD5YQ2H;5;750;False;True
422;22-03-2023;26-03-2023;GD26KN7;0;75;False;False
423;26-03-2023;26-03-2023;GDCRJB8;1;150;False;False
424;19-03-2023;26-03-2023;GDRETLP;2;300;False;False
425;21-03-2023;27-03-2023;GDC1X2J;3;700;False;False
426;23-03-2023;27-03-2023;GDDB1SP;3;550;False;False
427;26-03-2023;27-03-2023;GDGPY7C;2;150;False;False
428;21-03-2023;27-03-2023;GDW294R;2;350;True;True
429;27-03-2023;27-03-2023;GDMNVYM;6;150;False;False
430;26-03-2023;27-03-2023;GDEI9FP;0;150;False;True
431;23-03-2023;28-03-2023;GDDNBJ4;6;225;False;False
432;28-03-2023;28-03-2023;GDAETK4;6;225;False;False
433;25-03-2023;28-03-2023;GDA45I2;3;225;False;False
434;23-03-2023;28-03-2023;GD618UC;5;300;False;False
435;21-03-2023;28-03-2023;GDOTXNC;3;125;False;False
436;24-03-2023;28-03-2023;GD9I59D;7;700;False;False
437;25-03-2023;29-03-2023;GDOWBVH;5;550;False;False
438;25-03-2023;29-03-2023;GD93KDM;7;175;False;False
439;22-03-2023;29-03-2023;GDEY228;2;225;False;False
440;25-03-2023;29-03-2023;GDT184S;6;500;False;True
441;26-03-2023;29-03-2023;GDE5BV6;5;300;False;False
442;27-03-2023;29-03-2023;GDEQUDI;6;200;False;False
443;23-03-2023;30-03-2023;GDSCSBX;6;175;False;False
444;24-03-2023;30-03-2023;GDZS4Y6;2;500;False;False
445;24-03-2023;30-03-2023;GDL205Y;1;500;False;False
446;28-03-2023;30-03-2023;GDD5JXE;0;400;False;False
447;30-03-2023;30-03-2023;GDVNDLO;2;200;False;False
448;31-03-2023;31-03-2023;GDLZS6F;5;250;False;False
449;25-03-2023;31-03-2023;GD3M7WN;4;300;False;False
450;26-03-2023;31-03-2023;GDRJZHP;3;175;False;False
451;30-03-2023;31-03-2023;GDEQUDI;5;150;False;False
452;28-03-2023;01-04-2023;GDYVR4K;4;300;False;False
453;26-03-2023;01-04-2023;GDP9Y3K;6;300;False;False
454;31-03-2023;01-04-2023;GD93KDM;1;400;False;False
455;26-03-2023;01-04-2023;GD26KN7;7;150;False;False
456;27-03-2023;01-04-2023;GD6HRFN;7;150;False;False
457;31-03-2023;02-04-2023;GDBZ9ZJ;7;150;False;False
458;31-03-2023;02-04-2023;GDC3GDH;1;275;False;False
459;28-03-2023;02-04-2023;GDAX1Z6;5;300;False;False
460;28-03-2023;02-04-2023;GD5PZWR;5;150;False;False
461;31-03-2023;03-04-2023;GD3M7WN;2;450;False;False
462;01-04-2023;03-04-2023;GD4I6AE;3;125;False;False
463;03-04-2023;03-04-2023;GDZS4Y6;1;225;True;False
464;28-03-2023;03-04-2023;GDIHJPY;1;300;False;False
465;01-04-2023;04-04-2023;GDCBD9J;0;75;False;False
466;31-03-2023;04-04-2023;GD6KF31;6;750;False;False
467;28-03-2023;04-04-2023;GDBP7LX;4;125;False;False
468;04-04-2023;04-04-2023;GD0T91U;1;100;True;False
469;03-04-2023;04-04-2023;GDRP4K8;3;225;False;False
470;02-04-2023;05-04-2023;GD662ON;4;750;False;False
471;02-04-2023;05-04-2023;GDSUQC6;1;150;False;False
472;29-03-2023;05-04-2023;GDQ1E4C;2;300;False;False
473;29-03-2023;05-04-2023;GDDO55H;4;150;False;False
474;05-04-2023;05-04-2023;GDW5TFN;0;300;False;True
475;06-04-2023;06-04-2023;GDL57MP;5;175;False;False
476;02-04-2023;06-04-2023;GDLPM5W;5;150;False;False
477;03-04-2023;06-04-2023;GD6TUYC;2;400;False;False
478;30-03-2023;06-04-2023;GD492KR;3;500;True;False
479;04-04-2023;07-04-2023;GDBZ9ZJ;6;75;False;False
480;06-04-2023;07-04-2023;GD88IL7;7;175;False;False
481;04-04-2023;07-04-2023;GDO6KSX;1;750;False;True
482;31-03-2023;07-04-2023;GDLQSWA;2;150;False;True
483;05-04-2023;07-04-2023;GDO2PJ2;1;175;False;False
484;05-04-2023;07-04-2023;GDH3YQI;6;450;False;False
485;04-04-2023;08-04-2023;GDQ2Y7Z;0;450;False;False
486;05-04-2023;08-04-2023;GD6TUYC;0;225;False;False
487;07-04-2023;08-04-2023;GDLBU17;2;150;False;True
488;06-04-2023;08-04-2023;GDA5GJ0;4;300;False;False
489;03-04-2023;08-04-2023;GDQ99JG;7;700;False;False
490;01-04-2023;08-04-2023;GDG4LX7;7;300;False;False
491;07-04-2023;09-04-2023;GD99SJM;1;325;False;False
492;09-04-2023;09-04-2023;GD4GI4Z;3;125;False;False
493;06-04-2023;09-04-2023;GDHXHJR;1;150;False;False
494;04-04-2023;09-04-2023;GDZRWRI;5;300;False;False
495;08-04-2023;09-04-2023;GDTMHY0;6;450;False;False
496;06-04-2023;09-04-2023;GD89I4T;0;250;False;False
497;04-04-2023;10-04-2023;GDUCPYP;1;150;False;False
498;05-04-2023;10-04-2023;GDMSCZZ;7;175;False;False
499;10-04-2023;10-04-2023;GD2XEZC;3;325;False;False
500;03-04-2023;10-04-2023;GD9NRFQ;5;150;True;False
501;11-04-2023;11-04-2023;GDOAY3D;0;500;False;False
502;07-04-2023;11-04-2023;GDQ2Y7Z;2;450;False;False
503;04-04-2023;11-04-2023;GDDZ0MZ;7;75;False;False
504;10-04-2023;11-04-2023;GDEY228;6;150;False;False
505;11-04-2023;11-04-2023;GDRGCZF;2;125;False;False
506;12-04-2023;12-04-2023;GD84T8Z;0;450;False;False
507;11-04-2023;12-04-2023;GDIW6IC;0;450;False;False
508;05-04-2023;12-04-2023;GDNQ093;7;75;False;False
509;09-04-2023;12-04-2023;GD8MTIF;3;300;False;False
510;10-04-2023;12-04-2023;GD4GI4Z;4;275;False;False
511;05-04-2023;12-04-2023;GDDNBJ4;5;500;False;False
512;11-04-2023;13-04-2023;GDX604W;5;500;False;False
513;08-04-2023;13-04-2023;GDM3NLK;4;700;False;False
514;13-04-2023;13-04-2023;GDPRKER;2;700;False;False
515;11-04-2023;13-04-2023;GD662ON;2;300;False;False
516;09-04-2023;13-04-2023;GDV74AF;1;175;False;False
517;11-04-2023;13-04-2023;GDWKELX;0;75;True;False
518;10-04-2023;14-04-2023;GDKROOB;7;400;False;False
519;12-04-2023;14-04-2023;GDM55T8;3;150;False;False
520;10-04-2023;14-04-2023;GD50IEJ;6;350;False;False
521;10-04-2023;14-04-2023;GD6TUYC;5;450;False;False
522;15-04-2023;15-04-2023;GD2KB1R;0;700;False;False
523;13-04-2023;15-04-2023;GDOAY3D;6;300;False;False
524;12-04-2023;15-04-2023;GDVNDLO;0;150;False;False
525;12-04-2023;15-04-2023;GDYVHGW;1;150;False;False
526;08-04-2023;15-04-2023;GDTL74J;3;150;False;False
527;09-04-2023;15-04-2023;GDJB3R1;1;150;False;False
528;16-04-2023;16-04-2023;GDOTXNC;6;200;False;False
529;10-04-2023;16-04-2023;GD2IIX2;7;300;False;False
530;12-04-2023;16-04-2023;GDCQ6G1;5;225;False;True
531;15-04-2023;16-04-2023;GDEI9FP;5;400;False;False
532;16-04-2023;16-04-2023;GDCQ6G1;4;150;False;False
533;09-04-2023;16-04-2023;GDHU77F;7;275;False;False
534;10-04-2023;17-04-2023;GDPVQ07;6;300;False;False
535;13-04-2023;17-04-2023;GDTDHBJ;3;225;False;False
536;13-04-2023;17-04-2023;GDL6Z4E;7;150;False;False
537;12-04-2023;17-04-2023;GD50IEJ;4;750;False;False
538;17-04-2023;18-04-2023;GDM9W0L;0;175;False;False
539;16-04-2023;18-04-2023;GD3451P;7;300;False;False
540;11-04-2023;18-04-2023;GDL44KV;1;700;False;False
541;14-04-2023;18-04-2023;GDRGCZF;7;325;False;False
542;19-04-2023;19-04-2023;GD8WL7X;5;450;False;False
543;13-04-2023;19-04-2023;GD618UC;0;500;True;False
544;13-04-2023;19-04-2023;GD9BHT6;0;200;False;False
545;19-04-2023;19-04-2023;GDL6Z4E;3;300;False;False
546;12-04-2023;19-04-2023;GDKZIH9;0;150;False;False
547;14-04-2023;19-04-2023;GDXFHYM;0;300;False;False
548;16-04-2023;20-04-2023;GDJN35K;0;250;False;False
549;19-04-2023;20-04-2023;GD6P13N;4;150;False;False
550;20-04-2023;20-04-2023;GDBPOM4;4;450;False;False
551;14-04-2023;20-04-2023;GDYVR4K;2;200;False;False
552;21-04-2023;21-04-2023;GD5UJOA;3;175;True;False
553;19-04-2023;21-04-2023;GD84T8Z;7;225;False;False
554;19-04-2023;21-04-2023;GDTDHBJ;2;400;True;False
555;18-04-2023;21-04-2023;GDDZ0MZ;4;300;False;False
556;18-04-2023;21-04-2023;GDO5GWQ;7;75;False;False
557;21-04-2023;21-04-2023;GDVYCUB;0;150;False;False
558;15-04-2023;22-04-2023;GDHMA6Z;5;700;False;False
559;19-04-2023;22-04-2023;GDJN35K;5;150;False;False
560;15-04-2023;22-04-2023;GDCRJB8;0;75;False;False
561;21-04-2023;22-04-2023;GDAX1Z6;6;500;False;False
562;16-04-2023;22-04-2023;GDAZJLZ;6;300;False;False
563;21-04-2023;22-04-2023;GD8Z7T4;1;500;False;False
564;16-04-2023;23-04-2023;GD3YRQ2;6;550;False;False
565;18-04-2023;23-04-2023;GD4GI4Z;6;225;False;False
566;19-04-2023;23-04-2023;GD0GKUM;3;225;False;False
567;21-04-2023;23-04-2023;GDM0P4R;3;75;False;False
568;17-04-2023;23-04-2023;GDTHGAF;5;700;False;False
569;20-04-2023;24-04-2023;GD4S3H3;5;150;False;False
570;22-04-2023;24-04-2023;GDCN2BP;1;200;False;False
571;19-04-2023;24-04-2023;GDKCFW6;5;150;False;False
572;21-04-2023;24-04-2023;GDCN3Y4;3;150;False;False
573;25-04-2023;25-04-2023;GDM9W0L;5;150;False;False
574;23-04-2023;25-04-2023;GDLGZLO;3;150;False;False
575;23-04-2023;25-04-2023;GDKP220;6;150;False;False
576;20-04-2023;25-04-2023;GDC1QB9;0;300;False;False
577;21-04-2023;26-04-2023;GDECWZ0;7;500;False;False
578;23-04-2023;26-04-2023;GD662ON;2;150;False;False
579;24-04-2023;26-04-2023;GDTHGAF;5;150;False;False
580;19-04-2023;26-04-2023;GD3SJ1L;0;150;False;False
581;24-04-2023;27-04-2023;GD5LEGX;2;150;False;False
582;20-04-2023;27-04-2023;GD0UUS4;3;150;False;False
583;25-04-2023;27-04-2023;GDPKH7D;5;200;True;False
584;21-04-2023;27-04-2023;GDLQSWA;1;450;False;False
585;21-04-2023;27-04-2023;GD3M7WN;7;200;False;False
586;27-04-2023;28-04-2023;GDMBD5W;1;200;False;False
587;24-04-2023;28-04-2023;GDRRAP1;3;125;False;False
588;21-04-2023;28-04-2023;GDKROOB;0;200;False;False
589;22-04-2023;28-04-2023;GDHFQY9;1;450;False;False
590;24-04-2023;28-04-2023;GDPKH7D;5;450;False;False
591;29-04-2023;29-04-2023;GDHSDEL;0;325;False;False
592;29-04-2023;29-04-2023;GDW5TFN;7;150;False;False
593;26-04-2023;29-04-2023;GDIUD0D;1;300;False;False
594;24-04-2023;29-04-2023;GDRIANR;3;325;False;False
595;22-04-2023;29-04-2023;GDRVOKL;4;200;False;False
596;28-04-2023;30-04-2023;GD0GKUM;3;300;False;False
597;25-04-2023;30-04-2023;GD5ZOFE;0;550;False;True
598;26-04-2023;30-04-2023;GD37S30;1;75;False;True
599;29-04-2023;30-04-2023;GDRG4TL;0;700;False;False
600;23-04-2023;30-04-2023;GD8RBET;6;400;False;False
601;30-04-2023;30-04-2023;GDNXIL1;1;250;True;False
602;01-05-2023;01-05-2023;GDCN2BP;3;275;False;False
603;25-04-2023;01-05-2023;GDCBD9J;2;75;True;False
604;24-04-2023;01-05-2023;GD3XUXH;7;150;False;False
605;29-04-2023;01-05-2023;GDECWZ0;4;300;True;False
606;27-04-2023;01-05-2023;GDL57MP;5;150;False;False
607;01-05-2023;01-05-2023;GDZ8C7C;3;700;False;False
608;02-05-2023;02-05-2023;GDEY228;5;150;False;False
609;26-04-2023;02-05-2023;GDAX1Z6;6;125;False;False
610;28-04-2023;02-05-2023;GDFNVO6;5;150;False;False
611;25-04-2023;02-05-2023;GDRRAP1;6;150;False;False
612;27-04-2023;02-05-2023;GDILT4O;5;150;True;False
613;26-04-2023;02-05-2023;GDDB1SP;5;150;False;False
614;02-05-2023;03-05-2023;GDZ9K03;5;150;False;False
615;29-04-2023;03-05-2023;GDR44CG;3;125;False;False
616;26-04-2023;03-05-2023;GDHI4G2;5;500;False;False
617;02-05-2023;03-05-2023;GDRVOKL;6;75;False;False
618;03-05-2023;04-05-2023;GDC1QB9;4;500;False;False
619;02-05-2023;04-05-2023;GDA45I2;5;175;False;False
620;27-04-2023;04-05-2023;GDEACJM;3;275;False;False
621;03-05-2023;04-05-2023;GDKVYQN;6;300;False;False
622;28-04-2023;04-05-2023;GDRRAP1;6;300;False;False
623;30-04-2023;04-05-2023;GDM3NLK;3;225;False;False
624;05-05-2023;05-05-2023;GD7ZVNF;0;150;False;False
625;03-05-2023;05-05-2023;GDN873R;4;500;False;False
626;05-05-2023;05-05-2023;GD2PO8I;1;100;False;False
627;29-04-2023;05-05-2023;GDMBD5W;2;300;False;False
628;01-05-2023;05-05-2023;GDEUQI5;1;150;False;False
629;06-05-2023;06-05-2023;GDI2KL6;5;550;False;False
630;01-05-2023;06-05-2023;GD2IIX2;1;450;False;False
631;04-05-2023;06-05-2023;GD1YUFX;0;325;False;False
632;03-05-2023;06-05-2023;GDE5BV6;0;125;False;False
633;03-05-2023;06-05-2023;GD7BCUA;0;75;False;False
634;06-05-2023;06-05-2023;GDYVR4K;5;250;False;False
635;03-05-2023;07-05-2023;GDJMMQH;0;150;False;False
636;02-05-2023;07-05-2023;GDT89N1;2;250;False;False
637;02-05-2023;07-05-2023;GDTL74J;3;550;False;False
638;02-05-2023;07-05-2023;GDPRKER;0;300;False;False
639;07-05-2023;07-05-2023;GD3XUXH;4;75;False;False
640;30-04-2023;07-05-2023;GDTMHY0;2;300;False;False
641;04-05-2023;08-05-2023;GDAR9YF;1;150;True;False
642;05-05-2023;08-05-2023;GD6WKE4;0;150;False;False
643;03-05-2023;08-05-2023;GD8RBET;5;150;False;False
644;03-05-2023;08-05-2023;GDZ8C7C;2;500;False;False
645;07-05-2023;08-05-2023;GDA5HNI;0;150;False;False
646;02-05-2023;08-05-2023;GD0UUS4;3;225;False;False
647;08-05-2023;09-05-2023;GDX81PU;4;150;False;False
648;06-05-2023;09-05-2023;GD99SJM;0;150;False;False
649;06-05-2023;09-05-2023;GDT2JIW;5;150;False;False
650;08-05-2023;09-05-2023;GDRGCZF;7;300;True;False
651;05-05-2023;09-05-2023;GDC3GDH;5;75;False;True
652;07-05-2023;09-05-2023;GDARNXW;6;200;False;False
653;10-05-2023;10-05-2023;GD3M7WN;3;250;False;False
654;03-05-2023;10-05-2023;GDA740J;7;150;False;False
655;05-05-2023;10-05-2023;GDX6WOY;2;225;False;True
656;10-05-2023;10-05-2023;GDT184S;3;225;False;False
657;05-05-2023;10-05-2023;GDIBJY3;4;700;False;False
658;04-05-2023;11-05-2023;GDKROOB;5;350;False;False
659;08-05-2023;11-05-2023;GD2RG9L;4;175;False;False
660;08-05-2023;11-05-2023;GDHMA6Z;5;150;False;False
661;10-05-2023;11-05-2023;GDOBMXX;3;175;False;False
662;08-05-2023;11-05-2023;GDM9W0L;0;400;False;False
663;06-05-2023;12-05-2023;GDRIANR;1;225;False;False
664;08-05-2023;12-05-2023;GDSUQC6;5;150;True;False
665;05-05-2023;12-05-2023;GD492KR;2;125;False;False
666;07-05-2023;12-05-2023;GDEY228;5;300;False;False
667;11-05-2023;13-05-2023;GDILT4O;0;500;False;False
668;11-05-2023;13-05-2023;GDIBJY3;6;150;False;False
669;09-05-2023;13-05-2023;GDW21GB;4;250;False;True
670;08-05-2023;13-05-2023;GDXFHYM;2;300;False;False
671;12-05-2023;13-05-2023;GD028EK;5;250;False;False
672;12-05-2023;14-05-2023;GDPVQ07;4;175;False;False
673;07-05-2023;14-05-2023;GDFNVO6;1;75;False;False
674;07-05-2023;14-05-2023;GD0LHWG;4;225;False;False
675;07-05-2023;14-05-2023;GDMNVYM;4;700;False;False
676;13-05-2023;14-05-2023;GD0GKUM;7;450;True;False
677;15-05-2023;15-05-2023;GDNT15C;6;150;True;False
678;15-05-2023;15-05-2023;GDBASZR;0;700;True;False
679;09-05-2023;15-05-2023;GDTN8JI;6;500;True;False
680;11-05-2023;15-05-2023;GDHSDEL;6;75;False;False
681;15-05-2023;15-05-2023;GDMNVYM;5;150;False;False
682;09-05-2023;16-05-2023;GDT4IFH;3;250;True;False
683;11-05-2023;16-05-2023;GD41CAU;4;200;True;False
684;13-05-2023;16-05-2023;GDCN3Y4;4;350;False;False
685;12-05-2023;16-05-2023;GDCQ6G1;7;150;False;False
686;10-05-2023;16-05-2023;GD99SJM;5;175;False;False
687;16-05-2023;16-05-2023;GDE5BV6;5;350;False;False
688;14-05-2023;17-05-2023;GDI2KL6;2;75;True;False
689;12-05-2023;17-05-2023;GD2XEZC;4;500;False;False
690;10-05-2023;17-05-2023;GDB041P;6;150;False;False
691;12-05-2023;17-05-2023;GD7T1V3;3;75;False;False
692;15-05-2023;18-05-2023;GDPKH7D;7;75;False;False
693;15-05-2023;18-05-2023;GD5ZOFE;0;250;False;False
694;11-05-2023;18-05-2023;GD0YY67;0;225;False;False
695;18-05-2023;18-05-2023;GDTMHY0;5;75;False;False
696;11-05-2023;18-05-2023;GDU8BMY;7;500;False;False
697;18-05-2023;18-05-2023;GDIQHON;5;150;False;False
698;15-05-2023;19-05-2023;GD0LHWG;3;75;False;False
699;18-05-2023;19-05-2023;GD36X3Z;3;300;False;False
700;14-05-2023;19-05-2023;GDAX1Z6;5;75;False;False
701;17-05-2023;19-05-2023;GDJ8GHP;0;200;False;False
702;14-05-2023;19-05-2023;GDBASZR;0;800;False;False
703;16-05-2023;19-05-2023;GD692YW;1;200;False;False
704;20-05-2023;20-05-2023;GDIARL6;2;150;True;False
705;17-05-2023;20-05-2023;GDRJZHP;3;225;False;False
706;14-05-2023;20-05-2023;GDW4MVU;2;125;False;False
707;13-05-2023;20-05-2023;GD5BWVP;2;175;False;False
708;18-05-2023;20-05-2023;GDFB3E7;3;300;False;False
709;16-05-2023;20-05-2023;GDUIGGQ;0;500;False;False
710;17-05-2023;21-05-2023;GDFNVO6;7;350;False;False
711;18-05-2023;21-05-2023;GDC3GDH;1;400;False;False
712;19-05-2023;21-05-2023;GD04XQF;6;100;False;False
713;20-05-2023;21-05-2023;GDO6KSX;2;175;True;False
714;17-05-2023;22-05-2023;GDOBMXX;6;150;False;False
715;15-05-2023;22-05-2023;GD7RPO3;4;125;False;False
716;15-05-2023;22-05-2023;GDX604W;3;450;False;False
717;15-05-2023;22-05-2023;GDTRNPS;4;550;False;False
718;15-05-2023;22-05-2023;GDJ8GHP;0;250;False;False
719;22-05-2023;22-05-2023;GDW5TFN;6;275;False;False
720;20-05-2023;23-05-2023;GDHFQY9;5;175;False;False
721;21-05-2023;23-05-2023;GD662ON;0;800;False;False
722;23-05-2023;23-05-2023;GDKZIH9;2;125;False;False
723;16-05-2023;23-05-2023;GDIHJPY;2;500;False;False
724;16-05-2023;23-05-2023;GDE5BV6;0;125;False;False
725;21-05-2023;24-05-2023;GDM1UZC;5;275;False;False
726;18-05-2023;24-05-2023;GDYVHGW;1;150;False;False
727;22-05-2023;24-05-2023;GDARNXW;0;175;True;False
728;21-05-2023;24-05-2023;GD5AHXX;3;150;False;False
729;20-05-2023;25-05-2023;GDA5HNI;5;150;False;False
730;25-05-2023;25-05-2023;GDEQUDI;7;175;False;False
731;18-05-2023;25-05-2023;GDQ99JG;5;200;False;False
732;24-05-2023;25-05-2023;GDMX5BM;6;225;False;False
733;19-05-2023;25-05-2023;GD7RPO3;5;350;False;False
734;19-05-2023;26-05-2023;GD59J95;4;300;False;False
735;26-05-2023;26-05-2023;GDT89N1;3;300;True;False
736;21-05-2023;26-05-2023;GDMNVYM;7;400;False;False
737;21-05-2023;26-05-2023;GDQ1E4C;4;450;False;False
738;26-05-2023;26-05-2023;GD2KB1R;4;150;False;False
739;24-05-2023;26-05-2023;GDHI4G2;2;300;False;False
740;27-05-2023;27-05-2023;GDVYCUB;3;300;False;False
741;24-05-2023;27-05-2023;GDKVYQN;2;175;False;False
742;20-05-2023;27-05-2023;GDD4B0B;1;500;False;False
743;25-05-2023;27-05-2023;GDCMZQ9;6;150;False;False
744;25-05-2023;27-05-2023;GDVDZ2A;7;350;False;False
745;21-05-2023;28-05-2023;GDDQSPT;6;200;False;False
746;21-05-2023;28-05-2023;GDE7O4Y;6;250;False;False
747;22-05-2023;28-05-2023;GD6P13N;4;225;False;False
748;27-05-2023;28-05-2023;GDJMMQH;1;300;False;False
749;26-05-2023;29-05-2023;GD9595J;3;350;False;False
750;27-05-2023;29-05-2023;GD37S30;2;500;False;False
751;29-05-2023;29-05-2023;GDH3YQI;4;175;False;False
752;27-05-2023;29-05-2023;GDTHGAF;0;250;False;False
753;23-05-2023;29-05-2023;GDJB2PA;4;300;False;False
754;26-05-2023;30-05-2023;GDX81PU;7;250;False;False
755;28-05-2023;30-05-2023;GDO2PJ2;6;175;False;False
756;23-05-2023;30-05-2023;GDJ2GF4;1;275;False;False
757;30-05-2023;30-05-2023;GD8E9NN;4;300;False;False
758;25-05-2023;31-05-2023;GDBPOM4;7;150;False;False
759;26-05-2023;31-05-2023;GD692YW;6;75;False;False
760;29-05-2023;31-05-2023;GDLBU17;5;550;False;False
761;24-05-2023;31-05-2023;GDX81PU;0;150;False;False
762;28-05-2023;01-06-2023;GDHU77F;4;175;False;False
763;30-05-2023;01-06-2023;GDRIANR;2;150;False;True
764;31-05-2023;01-06-2023;GDHFQY9;3;175;False;False
765;01-06-2023;01-06-2023;GDUIGGQ;7;300;False;False
766;25-05-2023;01-06-2023;GDX81PU;0;150;False;False
767;29-05-2023;02-06-2023;GDF9G8Z;0;225;False;False
768;31-05-2023;02-06-2023;GDRP4K8;7;300;False;False
769;27-05-2023;02-06-2023;GDASKGY;7;75;False;False
770;31-05-2023;02-06-2023;GDMX5BM;7;800;False;False
771;28-05-2023;02-06-2023;GDEB2QE;7;75;False;False
772;27-05-2023;02-06-2023;GD0UUS4;0;550;False;False
773;02-06-2023;03-06-2023;GD3SJ1L;1;150;False;False
774;27-05-2023;03-06-2023;GD5PZWR;0;325;False;False
775;28-05-2023;03-06-2023;GDW21GB;5;450;False;False
776;31-05-2023;03-06-2023;GDW294R;1;150;True;False
777;27-05-2023;03-06-2023;GDO5GWQ;0;200;False;False
778;28-05-2023;03-06-2023;GDLCMJ7;1;350;False;True
779;28-05-2023;04-06-2023;GDT4IFH;1;800;False;False
780;30-05-2023;04-06-2023;GDJC6PS;3;500;False;False
781;31-05-2023;04-06-2023;GDW21GB;5;150;False;False
782;01-06-2023;04-06-2023;GD4GI4Z;5;400;False;False
783;04-06-2023;04-06-2023;GDRGCZF;7;500;False;False
784;04-06-2023;05-06-2023;GDKP220;4;150;False;False
785;31-05-2023;05-06-2023;GDMSCZZ;7;450;False;False
786;01-06-2023;05-06-2023;GDHS6JH;6;500;False;False
787;29-05-2023;05-06-2023;GDG4LX7;6;175;False;False
788;01-06-2023;05-06-2023;GDT6CUW;1;700;False;False
789;04-06-2023;06-06-2023;GDCRJB8;2;350;False;False
790;30-05-2023;06-06-2023;GDTRNPS;6;75;False;True
791;04-06-2023;06-06-2023;GD59J95;3;250;False;False
792;30-05-2023;06-06-2023;GDEY228;4;200;False;False
793;31-05-2023;07-06-2023;GDMN0YL;2;150;False;False
794;02-06-2023;07-06-2023;GD2IIX2;6;200;False;False
795;02-06-2023;07-06-2023;GDIUD0D;0;300;False;False
796;06-06-2023;07-06-2023;GDTHGAF;7;300;False;False
797;02-06-2023;07-06-2023;GD2VMMX;5;550;False;False
798;08-06-2023;08-06-2023;GDIW6IC;3;225;False;False
799;03-06-2023;08-06-2023;GDS9V9R;1;350;False;False
800;08-06-2023;08-06-2023;GD5AHXX;4;300;False;False
801;05-06-2023;08-06-2023;GDZRWRI;5;150;False;False
802;04-06-2023;09-06-2023;GDRVOKL;4;500;False;False
803;04-06-2023;09-06-2023;GD0E18J;5;350;False;False
804;06-06-2023;09-06-2023;GD492KR;7;125;False;False
805;02-06-2023;09-06-2023;GDRETLP;6;175;False;False
806;08-06-2023;09-06-2023;GD7BCUA;2;175;False;False
807;04-06-2023;10-06-2023;GD6HRFN;0;800;False;False
808;09-06-2023;10-06-2023;GDEY228;2;700;False;False
809;09-06-2023;10-06-2023;GDGJ3ZS;7;500;False;False
810;05-06-2023;10-06-2023;GD46L1P;5;150;False;False
811;04-06-2023;10-06-2023;GDH7N7L;7;350;False;False
812;05-06-2023;11-06-2023;GDSUQC6;6;175;False;False
813;10-06-2023;11-06-2023;GDG7VPM;2;175;True;False
814;08-06-2023;11-06-2023;GDG7VPM;4;150;False;False
815;10-06-2023;11-06-2023;GDZ8C7C;5;175;False;True
816;05-06-2023;11-06-2023;GDOTXNC;0;150;False;False
817;06-06-2023;11-06-2023;GDWKELX;7;150;False;False
818;08-06-2023;12-06-2023;GDE7O4Y;0;500;False;True
819;09-06-2023;12-06-2023;GDS9V9R;4;300;False;False
820;10-06-2023;12-06-2023;GDNQ093;4;700;False;False
821;10-06-2023;12-06-2023;GDZRWRI;7;500;False;False
822;08-06-2023;13-06-2023;GDZS931;6;500;False;False
823;07-06-2023;13-06-2023;GD46V5J;6;150;False;False
824;13-06-2023;13-06-2023;GDHSDEL;2;125;False;False
825;08-06-2023;13-06-2023;GDMX7XM;4;450;False;False
826;11-06-2023;13-06-2023;GDXHWE5;2;175;False;False
827;10-06-2023;13-06-2023;GDH3YQI;0;700;False;False
828;07-06-2023;14-06-2023;GDPRKER;1;550;False;False
829;10-06-2023;14-06-2023;GDRVOKL;3;175;False;False
830;11-06-2023;14-06-2023;GD2XEZC;0;300;False;False
831;10-06-2023;14-06-2023;GDJKFTU;6;150;False;False
832;12-06-2023;14-06-2023;GD5YQ2H;2;500;False;False
833;15-06-2023;15-06-2023;GDAZJLZ;6;175;False;False
834;08-06-2023;15-06-2023;GDLPM5W;5;700;True;False
835;10-06-2023;15-06-2023;GDBVOSA;7;125;False;False
836;09-06-2023;15-06-2023;GDEUQI5;0;150;False;False
837;12-06-2023;15-06-2023;GDT7JX0;5;350;False;False
838;11-06-2023;15-06-2023;GD3M7WN;0;150;False;False
839;11-06-2023;16-06-2023;GDASKGY;5;500;False;False
840;16-06-2023;16-06-2023;GDRG4TL;4;150;False;False
841;10-06-2023;16-06-2023;GDM1UZC;5;200;False;False
842;14-06-2023;16-06-2023;GDEMZZC;2;75;False;False
843;14-06-2023;16-06-2023;GD46L1P;7;500;False;False
844;11-06-2023;16-06-2023;GD8WL7X;0;300;False;False
845;16-06-2023;17-06-2023;GD56HJ7;5;450;False;False
846;13-06-2023;17-06-2023;GDJ8GHP;0;250;False;False
847;11-06-2023;17-06-2023;GDL0HSW;7;450;False;False
848;17-06-2023;17-06-2023;GDP9Y3K;3;175;False;False
849;12-06-2023;18-06-2023;GDFNVO6;6;150;True;False
850;11-06-2023;18-06-2023;GDUCPYP;6;300;False;False
851;18-06-2023;18-06-2023;GDAETK4;2;125;False;False
852;16-06-2023;18-06-2023;GDBJXJH;4;175;False;False
853;17-06-2023;18-06-2023;GDHSDEL;6;150;False;False
854;15-06-2023;18-06-2023;GDTYNHS;3;125;False;False
855;17-06-2023;19-06-2023;GD6TUYC;7;150;False;True
856;15-06-2023;19-06-2023;GD3YRQ2;1;150;False;False
857;17-06-2023;19-06-2023;GDVYCUB;2;450;False;False
858;12-06-2023;19-06-2023;GD2HKE8;1;150;False;False
859;15-06-2023;19-06-2023;GDHIAEF;6;700;True;False
860;18-06-2023;20-06-2023;GDVS2NL;2;75;False;False
861;18-06-2023;20-06-2023;GDILT4O;0;175;False;False
862;18-06-2023;20-06-2023;GDD87N2;4;125;False;False
863;13-06-2023;20-06-2023;GDCBD9J;2;450;False;False
864;15-06-2023;21-06-2023;GDJB3R1;3;400;False;False
865;16-06-2023;21-06-2023;GD7V8U6;1;250;False;False
866;15-06-2023;21-06-2023;GD9BHT6;2;500;False;False
867;14-06-2023;21-06-2023;GD9NRFQ;1;75;False;False
868;18-06-2023;21-06-2023;GD5826D;2;300;False;False
869;20-06-2023;21-06-2023;GD2IIX2;7;300;False;False
870;15-06-2023;22-06-2023;GDJ2GF4;6;175;False;False
871;19-06-2023;22-06-2023;GDFLD37;1;300;False;False
872;20-06-2023;22-06-2023;GDHW9AR;7;300;False;False
873;20-06-2023;22-06-2023;GDHXHJR;4;100;False;False
874;21-06-2023;23-06-2023;GDE7O4Y;6;275;False;False
875;23-06-2023;23-06-2023;GDQYU0I;2;75;False;False
876;23-06-2023;23-06-2023;GDL6Z4E;1;150;False;False
877;19-06-2023;23-06-2023;GD0LHWG;6;150;False;False
878;17-06-2023;23-06-2023;GD1YUFX;6;125;False;False
879;23-06-2023;24-06-2023;GDVS2NL;0;300;False;False
880;23-06-2023;24-06-2023;GD2C7IY;4;225;False;False
881;23-06-2023;24-06-2023;GDT184S;2;175;False;False
882;17-06-2023;24-06-2023;GD37S30;0;150;False;False
883;17-06-2023;24-06-2023;GD2C7IY;2;300;False;False
884;25-06-2023;25-06-2023;GDIN99Z;3;300;False;False
885;21-06-2023;25-06-2023;GDOV62Q;5;150;False;False
886;25-06-2023;25-06-2023;GDU4Y4H;0;300;False;False
887;18-06-2023;25-06-2023;GD5AHXX;0;150;False;False
888;21-06-2023;26-06-2023;GD50IEJ;3;75;False;False
889;25-06-2023;26-06-2023;GDH3YQI;6;800;False;False
890;19-06-2023;26-06-2023;GDKP220;3;125;False;False
891;22-06-2023;26-06-2023;GDDO55H;6;175;True;False
892;26-06-2023;26-06-2023;GD52EXM;1;150;False;False
893;26-06-2023;26-06-2023;GDVVO22;3;175;False;True
894;25-06-2023;27-06-2023;GDSIFPK;2;550;False;False
895;23-06-2023;27-06-2023;GDO2PJ2;5;200;False;False
896;27-06-2023;27-06-2023;GDZ34RC;5;450;False;False
897;20-06-2023;27-06-2023;GDRPDCG;6;700;False;False
898;23-06-2023;27-06-2023;GDD87N2;1;150;False;False
899;24-06-2023;28-06-2023;GD99SJM;3;250;False;False
900;26-06-2023;28-06-2023;GDECWZ0;7;225;False;False
901;21-06-2023;28-06-2023;GD6HRFN;0;175;False;False
902;28-06-2023;28-06-2023;GD6WKE4;5;175;False;False
903;29-06-2023;29-06-2023;GD59J95;4;200;False;False
904;25-06-2023;29-06-2023;GDLPM5W;5;300;False;False
905;24-06-2023;29-06-2023;GD8WL7X;2;450;False;False
906;25-06-2023;29-06-2023;GDRV7ZW;6;350;False;False
907;25-06-2023;29-06-2023;GD52EXM;2;150;False;False
908;28-06-2023;29-06-2023;GD6KF31;7;300;False;False
909;25-06-2023;30-06-2023;GDZ8C7C;3;800;True;False
910;23-06-2023;30-06-2023;GDDQSPT;4;150;True;False
911;24-06-2023;30-06-2023;GD2HKE8;0;150;False;True
912;28-06-2023;30-06-2023;GD5MST6;0;175;True;False
913;28-06-2023;01-07-2023;GDTHGAF;6;300;False;False
914;30-06-2023;01-07-2023;GDZS931;5;450;False;False
915;27-06-2023;01-07-2023;GD6P13N;5;275;False;False
916;01-07-2023;01-07-2023;GDDB1SP;6;200;False;False
917;25-06-2023;01-07-2023;GDKCFW6;3;175;False;False
918;28-06-2023;02-07-2023;GDQ99JG;1;350;False;False
919;29-06-2023;02-07-2023;GDARDRO;3;500;False;False
920;30-06-2023;02-07-2023;GDA6MGH;4;500;False;False
921;30-06-2023;02-07-2023;GD89I4T;1;225;False;False
922;29-06-2023;03-07-2023;GDPOC2C;1;125;False;False
923;02-07-2023;03-07-2023;GDM9W0L;1;300;False;False
924;27-06-2023;03-07-2023;GD492KR;1;175;False;False
925;01-07-2023;03-07-2023;GDW294R;2;150;False;False
926;30-06-2023;03-07-2023;GD028EK;2;500;False;False
927;29-06-2023;04-07-2023;GDG7VPM;3;100;False;False
928;29-06-2023;04-07-2023;GDPKH7D;3;300;False;False
929;29-06-2023;04-07-2023;GDE1UZ6;7;300;False;False
930;03-07-2023;04-07-2023;GDZ4ETP;0;150;False;False
931;01-07-2023;04-07-2023;GDEMHTF;0;75;False;False
932;27-06-2023;04-07-2023;GDX9G2R;3;150;False;False
933;30-06-2023;05-07-2023;GDX81PU;6;350;False;False
934;05-07-2023;05-07-2023;GDL79PC;4;150;False;False
935;04-07-2023;05-07-2023;GD3YRQ2;2;225;False;False
936;03-07-2023;05-07-2023;GDE409O;2;300;False;False
937;01-07-2023;06-07-2023;GDSUQC6;7;500;False;False
938;04-07-2023;06-07-2023;GD2VMMX;0;350;False;False
939;06-07-2023;06-07-2023;GDE8D3R;5;250;False;False
940;01-07-2023;06-07-2023;GDFNVO6;1;150;False;False
941;02-07-2023;06-07-2023;GDXFHYM;2;750;False;False
942;04-07-2023;06-07-2023;GDWKELX;2;125;False;False
943;02-07-2023;07-07-2023;GDW21GB;5;75;False;False
944;05-07-2023;07-07-2023;GD12ZU2;3;350;False;False
945;05-07-2023;07-07-2023;GDKP220;4;175;False;False
946;07-07-2023;07-07-2023;GDA6MGH;2;300;False;False
947;01-07-2023;08-07-2023;GD2RG9L;7;300;False;False
948;02-07-2023;08-07-2023;GDUOZM1;7;150;False;False
949;02-07-2023;08-07-2023;GDEI9FP;7;200;False;False
950;03-07-2023;08-07-2023;GDU2U4H;1;75;False;False
951;05-07-2023;08-07-2023;GDE1UZ6;4;300;False;False
952;09-07-2023;09-07-2023;GDEY228;5;150;False;False
953;04-07-2023;09-07-2023;GDRGCZF;4;450;False;False
954;05-07-2023;09-07-2023;GD662ON;5;75;False;False
955;07-07-2023;09-07-2023;GDYAR34;6;450;False;False
956;08-07-2023;09-07-2023;GD60R86;1;550;False;False
957;09-07-2023;10-07-2023;GD0UUS4;3;175;False;False
958;08-07-2023;10-07-2023;GDC3GDH;0;225;False;False
959;03-07-2023;10-07-2023;GDOHNOI;1;150;False;False
960;07-07-2023;10-07-2023;GDRIANR;5;175;False;False
961;08-07-2023;10-07-2023;GDM9W0L;4;175;False;False
962;11-07-2023;11-07-2023;GD60R86;7;75;False;False
963;06-07-2023;11-07-2023;GDEQUDI;6;300;True;True
964;10-07-2023;11-07-2023;GDVNDLO;7;550;False;False
965;07-07-2023;11-07-2023;GDYJI0V;2;150;True;False
966;10-07-2023;11-07-2023;GDW21GB;5;200;False;False
967;05-07-2023;12-07-2023;GDF9G8Z;0;300;False;False
968;12-07-2023;12-07-2023;GDOBMXX;3;450;False;True
969;09-07-2023;12-07-2023;GDT3WJC;7;200;True;False
970;08-07-2023;12-07-2023;GD3R5KY;4;250;False;False
971;09-07-2023;12-07-2023;GDRG4TL;0;175;False;False
972;12-07-2023;12-07-2023;GDFYSNT;2;300;False;False
973;08-07-2023;13-07-2023;GDHFQY9;2;250;False;False
974;09-07-2023;13-07-2023;GDBP7LX;6;550;False;False
975;12-07-2023;13-07-2023;GDZTJWM;0;100;False;False
976;07-07-2023;13-07-2023;GDP9Y3K;5;500;False;False
977;06-07-2023;13-07-2023;GDW5TFN;7;700;False;False
978;12-07-2023;13-07-2023;GDZ9K03;1;500;False;False
979;11-07-2023;14-07-2023;GD4I6AE;0;200;False;False
980;10-07-2023;14-07-2023;GDU4Y4H;2;300;False;False
981;14-07-2023;14-07-2023;GDQ6VIV;0;300;False;False
982;13-07-2023;14-07-2023;GDL4QNJ;0;200;False;True
983;10-07-2023;14-07-2023;GDCJ5OZ;0;75;False;False
984;14-07-2023;14-07-2023;GD8WL7X;5;300;False;True
985;10-07-2023;15-07-2023;GDMNVYM;5;550;False;False
986;08-07-2023;15-07-2023;GDQJC85;7;500;False;False
987;12-07-2023;15-07-2023;GDRPDCG;7;350;False;False
988;13-07-2023;15-07-2023;GDKK98A;7;250;False;False
989;15-07-2023;16-07-2023;GDKCFW6;1;300;False;False
990;16-07-2023;16-07-2023;GD9BHT6;5;350;False;False
991;10-07-2023;16-07-2023;GDA5GJ0;0;300;False;False
992;14-07-2023;16-07-2023;GDE5BV6;5;150;False;False
993;11-07-2023;16-07-2023;GDL4QNJ;0;350;False;False
994;17-07-2023;17-07-2023;GD36X3Z;4;225;False;False
995;12-07-2023;17-07-2023;GD52EXM;4;225;False;False
996;15-07-2023;17-07-2023;GD41CAU;4;300;False;False
997;17-07-2023;17-07-2023;GDEY0FS;2;450;False;False
998;13-07-2023;18-07-2023;GD56HJ7;6;200;False;False
999;16-07-2023;18-07-2023;GDOA831;6;300;False;False
1000;14-07-2023;18-07-2023;GD0JEA0;6;300;False;False
1001;16-07-2023;18-07-2023;GDDQSPT;5;125;False;False
1002;12-07-2023;18-07-2023;GDA5GJ0;1;200;False;False
1003;18-07-2023;18-07-2023;GDPRKER;3;350;False;False
1004;13-07-2023;19-07-2023;GD41K8J;7;275;False;False
1005;17-07-2023;19-07-2023;GD59J95;2;350;False;False
1006;15-07-2023;19-07-2023;GDEY0FS;6;150;False;False
1007;17-07-2023;19-07-2023;GDILT4O;7;150;False;True
1008;15-07-2023;19-07-2023;GDX3XAJ;5;100;False;False
1009;13-07-2023;20-07-2023;GD0C332;3;150;False;False
1010;13-07-2023;20-07-2023;GDCBD9J;7;450;False;True
1011;14-07-2023;20-07-2023;GD7V8U6;6;500;False;False
1012;15-07-2023;20-07-2023;GDARDRO;2;75;False;False
1013;20-07-2023;20-07-2023;GDYAR34;1;200;False;False
1014;17-07-2023;21-07-2023;GD5LEGX;3;400;False;False
1015;15-07-2023;21-07-2023;GDDB1SP;6;400;False;False
1016;19-07-2023;21-07-2023;GDLPM5W;7;125;True;False
1017;18-07-2023;21-07-2023;GDEB2QE;0;200;False;False
1018;18-07-2023;21-07-2023;GDDB1SP;5;225;False;False
1019;16-07-2023;21-07-2023;GDOHNOI;3;200;False;True
1020;17-07-2023;22-07-2023;GDZ9K03;0;200;False;False
1021;21-07-2023;22-07-2023;GDX6WOY;5;275;False;False
1022;19-07-2023;22-07-2023;GDPOC2C;5;150;False;False
1023;19-07-2023;22-07-2023;GDYVR4K;6;275;False;False
1024;21-07-2023;22-07-2023;GDWKELX;6;150;False;False
1025;21-07-2023;23-07-2023;GDL0Y6H;3;175;False;False
1026;21-07-2023;23-07-2023;GD56HJ7;5;400;False;False
1027;16-07-2023;23-07-2023;GDC3GDH;0;150;False;False
1028;18-07-2023;23-07-2023;GD88IL7;5;300;False;False
1029;23-07-2023;23-07-2023;GD26KN7;6;300;False;False
1030;20-07-2023;24-07-2023;GDVVO22;2;250;False;False
1031;24-07-2023;24-07-2023;GD5PZWR;5;200;False;False
1032;24-07-2023;24-07-2023;GD0GKUM;6;275;False;True
1033;18-07-2023;24-07-2023;GDL0HSW;3;75;False;False
1034;24-07-2023;24-07-2023;GDU2U4H;7;125;False;False
1035;24-07-2023;24-07-2023;GDHW9AR;2;275;False;False
1036;25-07-2023;25-07-2023;GD9NRFQ;4;500;False;False
1037;24-07-2023;25-07-2023;GD6VMUI;5;150;False;False
1038;25-07-2023;25-07-2023;GDUZHC4;6;350;False;False
1039;24-07-2023;25-07-2023;GDCMZQ9;6;250;False;False
1040;25-07-2023;26-07-2023;GDR44CG;0;325;False;False
1041;26-07-2023;26-07-2023;GDN5SL5;2;500;False;False
1042;21-07-2023;26-07-2023;GDE7O4Y;5;175;False;False
1043;26-07-2023;26-07-2023;GDW3XZ5;5;300;False;False
1044;19-07-2023;26-07-2023;GDRGCZF;1;150;False;False
1045;25-07-2023;27-07-2023;GDN873R;0;150;False;False
1046;20-07-2023;27-07-2023;GD6KF31;4;150;False;False
1047;20-07-2023;27-07-2023;GD36X3Z;3;275;False;False
1048;22-07-2023;27-07-2023;GDL0HSW;6;175;False;False
1049;23-07-2023;27-07-2023;GDK2GLA;3;700;False;False
1050;27-07-2023;27-07-2023;GDVNDLO;7;500;False;False
1051;21-07-2023;28-07-2023;GDPOC2C;6;150;False;False
1052;28-07-2023;28-07-2023;GDTN8JI;2;500;False;False
1053;21-07-2023;28-07-2023;GDVVO22;6;225;False;False
1054;24-07-2023;28-07-2023;GD0GKUM;5;250;False;False
1055;24-07-2023;29-07-2023;GD32LZS;3;250;False;True
1056;23-07-2023;29-07-2023;GDX6WOY;3;500;True;False
1057;29-07-2023;29-07-2023;GD5826D;0;150;False;False
1058;26-07-2023;29-07-2023;GD6P13N;1;150;False;False
1059;29-07-2023;29-07-2023;GD8V2A6;0;500;False;False
1060;25-07-2023;29-07-2023;GD2KB1R;7;150;False;False
1061;27-07-2023;30-07-2023;GDEMHTF;1;150;False;True
1062;26-07-2023;30-07-2023;GD4GI4Z;1;225;False;False
1063;29-07-2023;30-07-2023;GDC1QB9;6;250;False;False
1064;23-07-2023;30-07-2023;GDQ1E4C;4;125;False;False
1065;25-07-2023;31-07-2023;GDN5SL5;6;500;False;True
1066;28-07-2023;31-07-2023;GD5UJOA;2;500;False;False
1067;27-07-2023;31-07-2023;GD56HJ7;2;350;False;False
1068;28-07-2023;31-07-2023;GDW21GB;0;275;False;False
1069;30-07-2023;31-07-2023;GDR1JVW;5;125;True;False
1070;30-07-2023;01-08-2023;GDB041P;2;450;False;False
1071;29-07-2023;01-08-2023;GDM2SA8;5;75;False;False
1072;25-07-2023;01-08-2023;GDPOC2C;4;150;False;False
1073;29-07-2023;01-08-2023;GDIRPJA;2;100;False;False
1074;31-07-2023;01-08-2023;GDSL6BI;2;275;False;False
1075;29-07-2023;02-08-2023;GDKVYQN;5;300;False;False
1076;30-07-2023;02-08-2023;GD85X96;3;500;False;False
1077;28-07-2023;02-08-2023;GDGDM2J;4;300;False;False
1078;30-07-2023;02-08-2023;GDZS4Y6;6;150;False;False
1079;29-07-2023;03-08-2023;GD7BCUA;4;225;False;False
1080;01-08-2023;03-08-2023;GD3R5KY;5;150;False;False
1081;01-08-2023;03-08-2023;GDE7O4Y;6;300;False;False
1082;01-08-2023;03-08-2023;GDM55T8;6;150;False;False
1083;28-07-2023;03-08-2023;GDBK7WA;2;150;False;False
1084;01-08-2023;04-08-2023;GDHSDEL;5;150;True;False
1085;01-08-2023;04-08-2023;GD028EK;0;200;False;False
1086;01-08-2023;04-08-2023;GDEE5VL;3;150;False;False
1087;30-07-2023;04-08-2023;GD0LHWG;0;150;False;False
1091;31-07-2023;05-08-2023;GDL79PC;6;700;False;False
1093;29-07-2023;05-08-2023;GDXEOYJ;5;750;False;False
1094;31-07-2023;05-08-2023;GDMKZBS;0;550;False;False
1099;01-08-2023;07-08-2023;GDD87N2;1;325;False;False
1103;01-08-2023;07-08-2023;GDJ8GHP;5;350;False;False
